"Greetings","Farewells","Thanks"
"Hello!","Goodbye!","Thank you!"
"Hi there!","See you later!","Thanks a lot!"
"Hey!","Take care!","Much appreciated!"
"Good morning!","Bye!","Thanks for everything!"
"Good afternoon!","Have a good one!","I appreciate it!"
"Good evening!","Catch you later!","Thanks for your help!"
"Salutations!","Stay safe!","Thank you very much!"
"Howdy!","Until next time!","I’m grateful!"
"What’s up?","Safe travels!","Thanks a million!"
"Hi!","Peace!","Thanks for your time!"
"Hey buddy!","All the best!","I truly appreciate it!"
"Hey there!","See you soon!","Many thanks!"
"Hiya!","Take it easy!","Thank you for your support!"
"Hello there!","Keep in touch!","Thank you for your consideration!"
"Hi, how’s it going?","Adios!","I can’t thank you enough!"
"How’s everything?","Have a great day!","Thanks for the opportunity!"
"Yo!","Later!","Thanks for being there!"
"Hi, friend!","See ya!","Thank you for your patience!"
"Hey, how are you?","Have a nice day!","Thanks for your kindness!"
"Good to see you!","Cheers!","I appreciate your help!"
"Hello, nice to meet you!","Have a good night!","Thanks for the assistance!"
"Hey, long time no see!","Bye for now!","Thank you for your cooperation!"
"Hi, how have you been?","Until we meet again!","Thank you for your guidance!"
"Hey, what’s new?","Stay well!","Thanks for the update!"
"Hi, hope you’re doing well!","Fare thee well!","Thank you for the information!"
"Hey, ready to start?","Be well!","Thanks for your feedback!"
"Hello, welcome!","Have a blessed day!","Thank you for the details!"
"Hi, let’s get going!","Until tomorrow!","I appreciate your efforts!"
"Hey, it’s great to see you!","All good!","Thanks for the prompt response!"
"Hi, how can I help you?","Bye bye!","Thank you for the suggestion!"
"Hey, I’ve been looking forward to this!","Take care of yourself!","Thanks for the heads‑up!"
"Hello, let’s talk!","Don’t be a stranger!","Thank you for the quick reply!"
"Hi, what can I do for you?","Good-bye!","Thanks for the note!"
"Hey, I’m glad you’re here!","See you later, alligator!","Thank you for the note!"
"Hi, thanks for stopping by!","In a while, crocodile!","Thanks for the email!"
"Hello, I’m here to help!","See you soon, buddy!","Thank you for the email!"
"Hi, let’s chat!","Catch you next time!","Thanks for the message!"
"Hey, I’ve got some good news!","Until next we chat!","Thank you for the message!"
"Hi, how do you feel today?","Take care, friend!","Thanks for the invitation!"
"Hello, nice to see you again!","Stay healthy!","Thank you for the invitation!"
"Hey, are you ready?","Until we talk again!","Thanks for the ticket!"
"Hi, how’s your day?","Keep smiling!","Thank you for the ticket!"
"Hey, what’s going on?","Keep being awesome!","Thanks for the reminder!"
"Hi, how can I assist?","Have a fantastic day!","Thank you for the reminder!"
"Hello, let’s get started!","Have a great week!","Thanks for the clarification!"
"Hi, I’m excited to talk with you!","All the best for you!","Thank you for the clarification!"
"Hey, I’ve got a quick question!","Thank you, see you later!","Thanks for the insight!"
"Hi, how are you feeling today?","Until next time, friend!","Thank you for the insight!"
"Hello, I hope you’re having a good day!","Thank you, goodbye!","Thanks for the advice!"
"Hi, let’s dive in!","Have a safe trip!","Thank you for the advice!"
"Hey, how’s life treating you?","See you on the other side!","Thanks for the support!"
"Hi, how’s your week been?","Take it slow!","Thank you for the support!"
"Hello, can I help you with something?","See you around!","Thanks for the resources!"
"Hi, I’ve got a new idea!","Until we meet again, my friend!","Thank you for the resources!"
"Hey, what do you think?","Don’t forget to stay in touch!","Thanks for the reference!"
"Hi, are you interested in this?","Thanks again, goodbye!","Thank you for the reference!"
"Hello, I’d love to hear your thoughts!","See you next week!","Thanks for the tip!"
"Hi, how do you feel about that?","Stay positive!","Thank you for the tip!"
"Hey, can we talk for a minute?","Thank you for everything!","Thanks for the example!"
"Hi, I’ve got a story for you!","Wishing you well!","Thank you for the example!"
"Hello, just wanted to say hi!","Until we meet again soon!","Thanks for the demonstration!"
"Hi, I’ve been thinking about you!","Have a wonderful time!","Thank you for the demonstration!"
"Hey, let’s make a plan!","Goodbye and good luck!","Thanks for the demonstration!"
"Hi, can you believe it?","Keep the faith!","Thank you for the demo!"
"Hello, I’m glad we’re connected!","Keep the momentum!","Thanks for the demonstration!"
"Hi, what’s the latest?","Have a bright day!","Thanks for the demonstration!"
"Hey, I need your advice!","All the good vibes!","Thanks for the demonstration!"
"Hi, how’s everything going?","Farewell, my friend!","Thanks for the demonstration!"
"Hello, just a quick hello!","Take care and see you soon!","Thank you for the demonstration!"
"Hi, thanks for the opportunity!","Stay positive, friend!","Thanks for the demonstration!"
"Hey, let’s discuss this!","Thank you for the conversation, goodbye!","Thank you for the demonstration!"
"Hi, I appreciate your time!","Have a great day ahead!","Thank you for the demonstration!"
"Hello, what’s on your mind?","Have a fantastic week!","Thank you for the demonstration!"
"Hi, how do we proceed?","Until next time, stay well!","Thank you for the demonstration!"
"Hey, I’m excited about this project!","Keep in mind, farewell!","Thank you for the demonstration!"
"Hi, can I get your opinion?","Thank you and goodbye!","Thank you for the demonstration!"
"Hello, we’re in touch again!","Take care of yourself, see you soon!","Thank you for the demonstration!"
"Hi, I have an update for you!","Have a wonderful day and good luck!","Thank you for the demonstration!"
"Hey, how’s your schedule today?","Until next conversation, goodbye!","Thank you for the demonstration!"
"Hi, let’s keep in touch!","Thank you for the help, goodbye!","Thank you for the demonstration!"
"Hello, thank you for meeting me!","See you next time, stay well!","Thank you for the demonstration!"
"Hi, I’ve been working on something!","Keep the positivity, see you soon!","Thank you for the demonstration!"
"Hey, I think you’ll like this!","Thank you, take care, and goodbye!","Thank you for the demonstration!"
"Hi, I’m eager to hear your feedback!","Have a nice evening, goodbye!","Thank you for the demonstration!"
"Hello, any thoughts on this?","Stay blessed, goodbye!","Thank you for the demonstration!"
"Hi, I’m thrilled about the results!","All good, stay well, goodbye!","Thank you for the demonstration!"
"Hey, let’s review the plan!","Have a happy day, farewell!","Thank you for the demonstration!"
"Hi, can we schedule a call?","Take care, have a nice day!","Thank you for the demonstration!"
"Hello, I hope everything’s fine!","Stay blessed, goodbye!","Thank you for the demonstration!"
"Hi, how’s your new role?","All good, stay well, goodbye!","Thank you for the demonstration!"
"Hey, can we chat soon?","Have a happy day, farewell!","Thank you for the demonstration!"
"Hi, I have a suggestion!","Take care, have a nice day!","Thank you for the demonstration!"
"Hello, I need your expertise!","Stay blessed, goodbye!","Thank you for the demonstration!"
"Hi, let’s brainstorm together!","All good, stay well, goodbye!","Thank you for the demonstration!"
"Hey, I appreciate your help!","Have a happy day, farewell!","Thank you for the demonstration!"
"Hi, let’s see what’s next!","Take care, have a nice day!","Thank you for the demonstration!"
"Hello, any questions for me?","Stay blessed, goodbye!","Thank you for the demonstration!"
"Hi, I’m looking forward to your thoughts!","All good, stay well, goodbye!","Thank you for the demonstration!"
"Hey, thanks for being patient!","Have a happy day, farewell!","Thank you for the demonstration!"